{
    "ticker": "AAPL",
    "delat": 0.983012,
    "minuteNow": 57,
    "hourNow": 21,
    "dayNow": 10,
    "monthNow": 1,
    "yearNow": 2022,
    "openValues": [
        171.17999267578125,
        171.16000366210938,
        171.05650329589844,
        170.80999755859375,
        170.60499572753906,
        170.64500427246094
    ],
    "closeValues": [
        171.16000366210938,
        171.0500030517578,
        170.7949981689453,
        170.59500122070312,
        170.58009338378906,
        170.64500427246094
    ],
    "highValues": [
        171.27999877929688,
        171.66000366210938,
        171.42999267578125,
        171.1761932373047,
        170.77000427246094,
        170.64500427246094
    ],
    "lowValues": [
        171.10000610351562,
        170.9600067138672,
        170.72000122070312,
        170.56019592285156,
        170.35000610351562,
        170.64500427246094
    ],
    "openChange": [
        -0.019989013671875,
        -0.1035003662109375,
        -0.2465057373046875,
        -0.2050018310546875,
        0.040008544921875
    ],
    "closeChange": [
        -0.1100006103515625,
        -0.2550048828125,
        -0.1999969482421875,
        -0.0149078369140625,
        0.064910888671875
    ],
    "highChange": [
        0.3800048828125,
        -0.230010986328125,
        -0.2537994384765625,
        -0.40618896484375,
        -0.125
    ],
    "lowChange": [
        -0.1399993896484375,
        -0.2400054931640625,
        -0.1598052978515625,
        -0.2101898193359375,
        0.2949981689453125
    ]
}