{
    "TSLA": {
        "ticker": "TSLA",
        "type": "stock",
        "deltaTime": 0.287188,
        "minuteNow": 24,
        "hourNow": 20,
        "dayNow": 23,
        "monthNow": 1,
        "yearNow": 2022,
        "openValues": [
            958.9298706054688,
            961.0,
            956.3800048828125,
            960.1701049804688,
            956.7443237304688,
            959.2999877929688,
            953.5900268554688,
            956.60498046875,
            949.22998046875,
            945.27001953125,
            945.5598754882812,
            954.760009765625
        ],
        "closeValues": [
            961.7659912109375,
            956.5524291992188,
            960.594970703125,
            956.3280029296875,
            959.5700073242188,
            953.5599975585938,
            957.0800170898438,
            949.0900268554688,
            945.030029296875,
            945.739990234375,
            955.1300048828125,
            942.969970703125
        ],
        "highValues": [
            964.5447998046875,
            961.8400268554688,
            965.0,
            963.0698852539062,
            962.489990234375,
            961.739990234375,
            958.760009765625,
            961.0,
            950.7673950195312,
            951.25,
            962.3400268554688,
            955.7999267578125
        ],
        "lowValues": [
            955.0,
            954.6699829101562,
            955.5200805664062,
            955.7000122070312,
            956.1300048828125,
            952.0499877929688,
            950.2398071289062,
            948.989990234375,
            940.5,
            943.5,
            945.0349731445312,
            942.7999877929688
        ],
        "openChange": [
            2.07012939453125,
            -4.6199951171875,
            3.79010009765625,
            -3.42578125,
            2.5556640625,
            -5.7099609375,
            3.01495361328125,
            -7.375,
            -3.9599609375,
            0.28985595703125,
            9.20013427734375
        ],
        "closeChange": [
            -5.21356201171875,
            4.04254150390625,
            -4.2669677734375,
            3.24200439453125,
            -6.010009765625,
            3.52001953125,
            -7.989990234375,
            -4.05999755859375,
            0.7099609375,
            9.3900146484375,
            -12.1600341796875
        ],
        "highChange": [
            -2.70477294921875,
            3.15997314453125,
            -1.93011474609375,
            -0.57989501953125,
            -0.75,
            -2.97998046875,
            2.239990234375,
            -10.23260498046875,
            0.48260498046875,
            11.09002685546875,
            -6.54010009765625
        ],
        "lowChange": [
            -0.33001708984375,
            0.85009765625,
            0.179931640625,
            0.42999267578125,
            -4.08001708984375,
            -1.8101806640625,
            -1.24981689453125,
            -8.489990234375,
            3.0,
            1.53497314453125,
            -2.2349853515625
        ]
    },
    "ETH": {
        "ticker": "ETH",
        "type": "crypto",
        "deltaTime": 0.361037,
        "minuteNow": 24,
        "hourNow": 20,
        "dayNow": 23,
        "monthNow": 1,
        "yearNow": 2022,
        "openValues": [
            2438.966552734375,
            2425.1123046875,
            2426.593505859375,
            2430.253173828125,
            2438.991943359375,
            2438.391357421875,
            2441.591064453125,
            2440.982421875,
            2434.2978515625,
            2430.460693359375
        ],
        "closeValues": [
            2429.456298828125,
            2426.150146484375,
            2431.10791015625,
            2438.5859375,
            2438.878662109375,
            2442.073974609375,
            2441.67626953125,
            2434.960693359375,
            2431.06884765625,
            2430.460693359375
        ],
        "highValues": [
            2438.966552734375,
            2426.475830078125,
            2432.753173828125,
            2438.5859375,
            2439.359375,
            2442.207275390625,
            2444.992919921875,
            2444.026123046875,
            2434.2978515625,
            2430.460693359375
        ],
        "lowValues": [
            2429.456298828125,
            2424.499755859375,
            2425.98388671875,
            2429.28662109375,
            2435.629638671875,
            2438.391357421875,
            2441.591064453125,
            2434.932861328125,
            2431.06884765625,
            2430.460693359375
        ],
        "openChange": [
            -13.854248046875,
            1.481201171875,
            3.65966796875,
            8.73876953125,
            -0.6005859375,
            3.19970703125,
            -0.608642578125,
            -6.6845703125,
            -3.837158203125
        ],
        "closeChange": [
            -3.30615234375,
            4.957763671875,
            7.47802734375,
            0.292724609375,
            3.1953125,
            -0.397705078125,
            -6.715576171875,
            -3.891845703125,
            -0.608154296875
        ],
        "highChange": [
            -12.49072265625,
            6.27734375,
            5.832763671875,
            0.7734375,
            2.847900390625,
            2.78564453125,
            -0.966796875,
            -9.728271484375,
            -3.837158203125
        ],
        "lowChange": [
            -4.95654296875,
            1.484130859375,
            3.302734375,
            6.343017578125,
            2.76171875,
            3.19970703125,
            -6.658203125,
            -3.864013671875,
            -0.608154296875
        ]
    },
    "AAPL": {
        "ticker": "AAPL",
        "type": "stock",
        "deltaTime": 0.190456,
        "minuteNow": 24,
        "hourNow": 20,
        "dayNow": 23,
        "monthNow": 1,
        "yearNow": 2022,
        "openValues": [
            163.9499969482422,
            164.6199951171875,
            163.75,
            164.1699981689453,
            163.76499938964844,
            164.0,
            163.36500549316406,
            163.52999877929688,
            163.1195068359375,
            162.8800048828125,
            162.86000061035156,
            163.19000244140625
        ],
        "closeValues": [
            164.625,
            163.75,
            164.16000366210938,
            163.76499938964844,
            163.99600219726562,
            163.3699951171875,
            163.50999450683594,
            163.11000061035156,
            162.88999938964844,
            162.86000061035156,
            163.17999267578125,
            162.3300018310547
        ],
        "highValues": [
            164.77999877929688,
            164.69000244140625,
            164.5,
            164.52999877929688,
            164.32989501953125,
            164.32000732421875,
            163.9199981689453,
            163.76499938964844,
            163.3800048828125,
            163.4499969482422,
            163.88499450683594,
            163.40829467773438
        ],
        "lowValues": [
            163.86000061035156,
            163.35000610351562,
            163.57000732421875,
            163.6199951171875,
            163.6999969482422,
            163.3000030517578,
            163.1999969482422,
            163.05999755859375,
            162.40499877929688,
            162.58099365234375,
            162.57000732421875,
            162.3000030517578
        ],