{
    "TSLA": {
        "ticker": "TSLA",
        "type": "stock",
        "deltaTime": 0.285151,
        "minuteNow": 46,
        "hourNow": 20,
        "dayNow": 20,
        "monthNow": 1,
        "yearNow": 2022,
        "openValues": [
            1029.5399169921875,
            1033.1500244140625,
            1033.8499755859375,
            1036.550048828125,
            1036.200439453125,
            1032.300048828125,
            1031.68994140625,
            1030.37255859375,
            1030.6099853515625,
            1031.0999755859375
        ],
        "closeValues": [
            1033.0,
            1034.1199951171875,
            1036.469970703125,
            1036.208251953125,
            1032.6729736328125,
            1031.6900634765625,
            1030.4000244140625,
            1031.0,
            1030.2601318359375,
            1031.0999755859375
        ],
        "highValues": [
            1038.1024169921875,
            1035.0,
            1036.6600341796875,
            1038.0,
            1036.96875,
            1033.0,
            1032.75,
            1034.1199951171875,
            1030.748779296875,
            1031.0999755859375
        ],
        "lowValues": [
            1029.4000244140625,
            1028.97998046875,
            1030.3900146484375,
            1033.4549560546875,
            1031.0,
            1025.5,
            1027.0101318359375,
            1027.320068359375,
            1029.43994140625,
            1031.0999755859375
        ],
        "openChange": [
            3.610107421875,
            0.699951171875,
            2.7000732421875,
            -0.349609375,
            -3.900390625,
            -0.610107421875,
            -1.3173828125,
            0.2374267578125,
            0.489990234375
        ],
        "closeChange": [
            1.1199951171875,
            2.3499755859375,
            -0.26171875,
            -3.5352783203125,
            -0.98291015625,
            -1.2900390625,
            0.5999755859375,
            -0.7398681640625,
            0.83984375
        ],
        "highChange": [
            -3.1024169921875,
            1.6600341796875,
            1.3399658203125,
            -1.03125,
            -3.96875,
            -0.25,
            1.3699951171875,
            -3.3712158203125,
            0.3511962890625
        ],
        "lowChange": [
            -0.4200439453125,
            1.4100341796875,
            3.06494140625,
            -2.4549560546875,
            -5.5,
            1.5101318359375,
            0.3099365234375,
            2.119873046875,
            1.6600341796875
        ]
    },
    "ETH": {
        "ticker": "ETH",
        "type": "crypto",
        "deltaTime": 0.372856,
        "minuteNow": 46,
        "hourNow": 20,
        "dayNow": 20,
        "monthNow": 1,
        "yearNow": 2022,
        "openValues": [
            3244.937744140625,
            3247.132568359375,
            3243.884765625,
            3241.745361328125,
            3240.042236328125,
            3233.873779296875,
            3226.505859375,
            3229.696533203125,
            3230.01416015625
        ],
        "closeValues": [
            3247.662841796875,
            3243.946533203125,
            3241.883056640625,
            3240.64111328125,
            3233.68896484375,
            3226.1416015625,
            3229.551513671875,
            3230.111572265625,
            3230.01416015625
        ],
        "highValues": [
            3247.662841796875,
            3247.132568359375,
            3243.939697265625,
            3245.571044921875,
            3240.042236328125,
            3233.873779296875,
            3229.551513671875,
            3230.111572265625,
            3230.01416015625
        ],
        "lowValues": [
            3244.252685546875,
            3242.874755859375,
            3240.957763671875,
            3240.64111328125,
            3231.104736328125,
            3224.679931640625,
            3226.505859375,
            3224.72265625,
            3230.01416015625
        ],
        "openChange": [
            2.19482421875,
            -3.247802734375,
            -2.139404296875,
            -1.703125,
            -6.16845703125,
            -7.367919921875,
            3.190673828125,
            0.317626953125
        ],
        "closeChange": [
            -3.71630859375,
            -2.0634765625,
            -1.241943359375,
            -6.9521484375,
            -7.54736328125,
            3.409912109375,
            0.56005859375,
            -0.097412109375
        ],
        "highChange": [
            -0.5302734375,
            -3.19287109375,
            1.63134765625,
            -5.52880859375,
            -6.16845703125,
            -4.322265625,
            0.56005859375,
            -0.097412109375
        ],
        "lowChange": [
            -1.3779296875,
            -1.9169921875,
            -0.316650390625,
            -9.536376953125,
            -6.4248046875,
            1.825927734375,
            -1.783203125,
            5.29150390625
        ]
    },
    "AAPL": {
        "ticker": "AAPL",
        "type": "stock",
        "deltaTime": 0.185321,
        "minuteNow": 46,
        "hourNow": 20,
        "dayNow": 20,
        "monthNow": 1,
        "yearNow": 2022,
        "openValues": [
            168.88999938964844,
            169.11000061035156,
            169.11000061035156,
            169.0749969482422,
            169.18499755859375,
            168.63999938964844,
            168.07000732421875,
            167.61000061035156,
            167.6074981689453,
            167.47799682617188
        ],
        "closeValues": [
            169.11000061035156,
            169.10989379882812,
            169.10000610351562,
            169.1800994873047,
            168.64500427246094,
            168.07000732421875,
            167.60000610351562,
            167.5998992919922,
            167.4429931640625,
            167.47799682617188
        ],
        "highValues": [
            169.32000732421875,
            169.25,
            169.1300048828125,
            169.22000122070312,
            169.22000122070312,
            168.63999938964844,
            168.07000732421875,
            167.8000030517578,
            167.60989379882812,
            167.47799682617188
        ],
        "lowValues": [
            168.88999938964844,
            168.9199981689453,
            168.80999755859375,
            168.82000732421875,
            168.4949951171875,
            167.75999450683594,
            167.60000610351562,
            167.14999389648438,
            167.30999755859375,
            167.47799682617188
        ],
        "openChange": [
            0.220001220703125,
            0.0,
            -0.035003662109375,
            0.1100006103515625,
            -0.5449981689453125,
            -0.5699920654296875,
            -0.4600067138671875,
            -0.00250244140625,
            -0.1295013427734375
        ],
        "closeChange": [
            -0.0001068115234375,
            -0.0098876953125,
            0.0800933837890625,
            -0.53509521484375,
            -0.5749969482421875,
            -0.470001220703125,
            -0.0001068115234375,
            -0.1569061279296875,
            0.035003662109375
        ],
        "highChange": [
            -0.07000732421875,
            -0.1199951171875,
            0.089996337890625,
            0.0,
            -0.5800018310546875,
            -0.5699920654296875,
            -0.2700042724609375,
            -0.1901092529296875,
            -0.13189697265625
        ],