{
    "TSLA": {
        "ticker": "TSLA",
        "delat": 0.26171,
        "minuteNow": 37,
        "hourNow": 22,
        "dayNow": 10,
        "monthNow": 1,
        "yearNow": 2022,
        "openValues": [
            1041.969970703125,
            1035.3800048828125,
            1038.6700439453125,
            1035.8199462890625,
            1043.75,
            1046.39990234375
        ],
        "closeValues": [
            1035.385009765625,
            1038.4500732421875,
            1035.35498046875,
            1043.3636474609375,
            1046.81005859375,
            1046.39990234375
        ],
        "highValues": [
            1043.8800048828125,
            1039.5,
            1043.169921875,
            1045.7698974609375,
            1048.781982421875,
            1046.39990234375
        ],
        "lowValues": [
            1035.1099853515625,
            1032.8399658203125,
            1033.5699462890625,
            1034.0,
            1040.0,
            1046.39990234375
        ],
        "openChange": [
            -6.5899658203125,
            3.2900390625,
            -2.85009765625,
            7.9300537109375,
            2.64990234375
        ],
        "closeChange": [
            3.0650634765625,
            -3.0950927734375,
            8.0086669921875,
            3.4464111328125,
            -0.41015625
        ],
        "highChange": [
            -4.3800048828125,
            3.669921875,
            2.5999755859375,
            3.0120849609375,
            -2.382080078125
        ],
        "lowChange": [
            -2.27001953125,
            0.72998046875,
            0.4300537109375,
            6.0,
            6.39990234375
        ]
    },
    "AAPL": {
        "ticker": "AAPL",
        "delat": 0.18266,
        "minuteNow": 37,
        "hourNow": 22,
        "dayNow": 10,
        "monthNow": 1,
        "yearNow": 2022,
        "openValues": [
            170.93499755859375,
            170.60499572753906,
            170.6999969482422,
            170.1199951171875,
            170.58999633789062,
            171.1300048828125
        ],
        "closeValues": [
            170.59500122070312,
            170.69000244140625,
            170.11000061035156,
            170.59449768066406,
            171.08999633789062,
            171.1300048828125
        ],
        "highValues": [
            171.10499572753906,
            170.77999877929688,
            170.92999267578125,
            170.7899932861328,
            171.25,
            171.1300048828125
        ],
        "lowValues": [
            170.55999755859375,
            170.35000610351562,
            169.97999572753906,
            169.9700927734375,
            170.3800048828125,
            171.1300048828125
        ],
        "openChange": [
            -0.3300018310546875,
            0.095001220703125,
            -0.5800018310546875,
            0.470001220703125,
            0.540008544921875
        ],
        "closeChange": [
            0.095001220703125,
            -0.5800018310546875,
            0.4844970703125,
            0.4954986572265625,
            0.040008544921875
        ],
        "highChange": [
            -0.3249969482421875,
            0.149993896484375,
            -0.1399993896484375,
            0.4600067138671875,
            -0.1199951171875
        ],
        "lowChange": [
            -0.209991455078125,
            -0.3700103759765625,
            -0.0099029541015625,
            0.409912109375,
            0.75
        ]
    }
}