{
    "TSLA": {
        "ticker": "TSLA",
        "deltaTime": 0.287619,
        "minuteNow": 27,
        "hourNow": 11,
        "dayNow": 11,
        "monthNow": 1,
        "yearNow": 2022,
        "openValues": [
            1025.260009765625,
            1031.74609375,
            1035.4990234375,
            1035.3800048828125,
            1038.6700439453125,
            1035.8199462890625,
            1043.75,
            1047.9000244140625
        ],
        "closeValues": [
            1031.81005859375,
            1035.5,
            1035.385009765625,
            1038.4500732421875,
            1035.35498046875,
            1043.3636474609375,
            1048.4219970703125,
            1058.27001953125
        ],
        "highValues": [
            1035.9200439453125,
            1036.5,
            1044.43994140625,
            1039.5,
            1043.169921875,
            1045.7698974609375,
            1050.7197265625,
            1059.0999755859375
        ],
        "lowValues": [
            1024.6800537109375,
            1029.5999755859375,
            1034.840087890625,
            1032.8399658203125,
            1033.5699462890625,
            1034.0,
            1039.75,
            1047.530029296875
        ],
        "openChange": [
            6.486083984375,
            3.7529296875,
            -0.1190185546875,
            3.2900390625,
            -2.85009765625,
            7.9300537109375,
            4.1500244140625
        ],
        "closeChange": [
            3.68994140625,
            -0.114990234375,
            3.0650634765625,
            -3.0950927734375,
            8.0086669921875,
            5.058349609375,
            9.8480224609375
        ],
        "highChange": [
            0.5799560546875,
            7.93994140625,
            -4.93994140625,
            3.669921875,
            2.5999755859375,
            4.9498291015625,
            8.3802490234375
        ],
        "lowChange": [
            4.919921875,
            5.2401123046875,
            -2.0001220703125,
            0.72998046875,
            0.4300537109375,
            5.75,
            7.780029296875
        ]
    },
    "AAPL": {
        "ticker": "AAPL",
        "deltaTime": 0.246432,
        "minuteNow": 27,
        "hourNow": 11,
        "dayNow": 11,
        "monthNow": 1,
        "yearNow": 2022,
        "openValues": [
            171.16000366210938,
            171.05650329589844,
            170.80999755859375,
            170.60499572753906,
            170.6999969482422,
            170.1199951171875,
            170.58999633789062,
            171.14999389648438
        ],
        "closeValues": [
            171.0500030517578,
            170.7949981689453,
            170.59500122070312,
            170.69000244140625,
            170.11000061035156,
            170.58999633789062,
            171.14999389648438,
            172.16000366210938
        ],
        "highValues": [
            171.66000366210938,
            171.42999267578125,
            171.1761932373047,
            170.77999877929688,
            170.92999267578125,
            170.7899932861328,
            171.5399932861328,
            172.5
        ],
        "lowValues": [
            170.9600067138672,
            170.72000122070312,
            170.55999755859375,
            170.35000610351562,
            169.97999572753906,
            169.9700927734375,
            170.3800048828125,
            170.92999267578125
        ],
        "openChange": [
            -0.1035003662109375,
            -0.2465057373046875,
            -0.2050018310546875,
            0.095001220703125,
            -0.5800018310546875,
            0.470001220703125,
            0.55999755859375
        ],
        "closeChange": [
            -0.2550048828125,
            -0.1999969482421875,
            0.095001220703125,
            -0.5800018310546875,
            0.4799957275390625,
            0.55999755859375,
            1.010009765625
        ],
        "highChange": [
            -0.230010986328125,
            -0.2537994384765625,
            -0.3961944580078125,
            0.149993896484375,
            -0.1399993896484375,
            0.75,
            0.9600067138671875
        ],
        "lowChange": [
            -0.2400054931640625,
            -0.160003662109375,
            -0.209991455078125,
            -0.3700103759765625,
            -0.0099029541015625,
            0.409912109375,
            0.54998779296875
        ]
    },
    "AMZN": {
        "ticker": "AMZN",
        "deltaTime": 0.215189,
        "minuteNow": 27,
        "hourNow": 11,
        "dayNow": 11,
        "monthNow": 1,
        "yearNow": 2022,
        "openValues": [
            3188.340087890625,
            3198.659912109375,
            3211.97998046875,
            3205.89990234375,
            3209.679931640625,
            3203.547607421875,
            3210.840087890625,
            3222.7900390625
        ],
        "closeValues": [
            3200.0,
            3210.75,
            3205.89990234375,
            3204.9833984375,
            3202.050048828125,
            3211.39990234375,
            3224.89990234375,
            3229.6201171875
        ],
        "highValues": [
            3203.6201171875,
            3217.919921875,
            3218.179931640625,
            3213.0,
            3216.909912109375,
            3217.030029296875,
            3229.0,
            3233.22998046875
        ],
        "lowValues": [
            3187.4599609375,
            3198.659912109375,
            3204.5,
            3198.22314453125,
            3201.010009765625,
            3201.5,
            3207.570068359375,
            3222.7900390625
        ],
        "openChange": [
            10.31982421875,
            13.320068359375,
            -6.080078125,
            3.780029296875,
            -6.13232421875,
            7.29248046875,
            11.949951171875
        ],
        "closeChange": [
            10.75,
            -4.85009765625,
            -0.91650390625,
            -2.933349609375,
            9.349853515625,
            13.5,
            4.72021484375
        ],
        "highChange": [
            14.2998046875,
            0.260009765625,
            -5.179931640625,
            3.909912109375,
            0.1201171875,
            11.969970703125,
            4.22998046875
        ],
        "lowChange": [
            11.199951171875,
            5.840087890625,
            -6.27685546875,
            2.786865234375,
            0.489990234375,
            6.070068359375,
            15.219970703125
        ]
    },
    "GOOGL": {
        "ticker": "GOOGL",
        "deltaTime": 0.24784,
        "minuteNow": 27,
        "hourNow": 11,
        "dayNow": 11,
        "monthNow": 1,
        "yearNow": 2022,
        "openValues": [
            2745.199951171875,
            2755.47998046875,
            2768.0400390625,
            2766.890380859375,
            2763.419921875,
            2756.919921875,
            2761.300048828125,
            2759.43994140625
        ],
        "closeValues": [
            2757.239990234375,
            2767.578369140625,
            2766.4619140625,
            2764.010009765625,
            2757.889892578125,
            2763.47509765625,
            2761.340087890625,
            2774.22998046875
        ],
        "highValues": [
            2757.31005859375,
            2767.578369140625,
            2776.389892578125,
            2770.1650390625,
            2764.72509765625,
            2764.27490234375,
            2765.735107421875,
            2775.47998046875
        ],