{
    "delat": 0.281391,
    "minuteNow": 8,
    "hourNow": 15,
    "dayNow": 8,
    "monthNow": 1,
    "yearNow": 2022,
    "openValues": [
        1024.77001953125,
        1018.8900146484375,
        1016.72998046875,
        1030.5,
        1032.1500244140625,
        1027.030029296875,
        1021.1199951171875,
        1023.4299926757812
    ],
    "closeValues": [
        1018.7449951171875,
        1017.0,
        1030.341796875,
        1032.0,
        1027.3699951171875,
        1021.3800048828125,
        1023.5924072265625,
        1026.9000244140625
    ],
    "highValues": [
        1025.1298828125,
        1019.5,
        1030.4100341796875,
        1039.4998779296875,
        1039.4599609375,
        1032.0,
        1028.9798583984375,
        1030.9410400390625
    ],
    "lowValues": [
        1017.0401000976562,
        1010.0,
        1015.5,
        1030.5,
        1026.4300537109375,
        1019.219970703125,
        1021.0200805664062,
        1022.6599731445312
    ]
}