{
    "TSLA": {
        "ticker": "TSLA",
        "delaTime": 0.276592,
        "minuteNow": 54,
        "hourNow": 22,
        "dayNow": 10,
        "monthNow": 1,
        "yearNow": 2022,
        "openValues": [
            1034.56005859375,
            1038.6700439453125,
            1035.8199462890625,
            1043.75,
            1048.2750244140625,
            1055.469970703125
        ],
        "closeValues": [
            1038.4500732421875,
            1035.35498046875,
            1043.3636474609375,
            1048.4219970703125,
            1055.2900390625,
            1055.469970703125
        ],
        "highValues": [
            1039.5,
            1043.169921875,
            1045.7698974609375,
            1050.7197265625,
            1056.0699462890625,
            1055.469970703125
        ],
        "lowValues": [
            1034.0,
            1033.5699462890625,
            1034.0,
            1039.75,
            1047.550048828125,
            1055.469970703125
        ],
        "openChange": [
            4.1099853515625,
            -2.85009765625,
            7.9300537109375,
            4.5250244140625,
            7.1949462890625
        ],
        "closeChange": [
            -3.0950927734375,
            8.0086669921875,
            5.058349609375,
            6.8680419921875,
            0.179931640625
        ],
        "highChange": [
            3.669921875,
            2.5999755859375,
            4.9498291015625,
            5.3502197265625,
            -0.5999755859375
        ],
        "lowChange": [
            -0.4300537109375,
            0.4300537109375,
            5.75,
            7.800048828125,
            7.919921875
        ]
    },
    "AAPL": {
        "ticker": "AAPL",
        "delaTime": 0.18481,
        "minuteNow": 54,
        "hourNow": 22,
        "dayNow": 10,
        "monthNow": 1,
        "yearNow": 2022,
        "openValues": [
            170.47999572753906,
            170.6999969482422,
            170.1199951171875,
            170.58999633789062,
            171.14999389648438,
            171.75
        ],
        "closeValues": [
            170.69000244140625,
            170.11000061035156,
            170.58999633789062,
            171.15499877929688,
            171.64999389648438,
            171.75
        ],
        "highValues": [
            170.77999877929688,
            170.92999267578125,
            170.7899932861328,
            171.5399932861328,
            171.83999633789062,
            171.75
        ],
        "lowValues": [
            170.47000122070312,
            169.97999572753906,
            169.9700927734375,
            170.3800048828125,
            170.92999267578125,
            171.75
        ],
        "openChange": [
            0.220001220703125,
            -0.5800018310546875,
            0.470001220703125,
            0.55999755859375,
            0.600006103515625
        ],
        "closeChange": [
            -0.5800018310546875,
            0.4799957275390625,
            0.56500244140625,
            0.4949951171875,
            0.100006103515625
        ],
        "highChange": [
            0.149993896484375,
            -0.1399993896484375,
            0.75,
            0.3000030517578125,
            -0.089996337890625
        ],
        "lowChange": [
            -0.4900054931640625,
            -0.0099029541015625,
            0.409912109375,
            0.54998779296875,
            0.82000732421875
        ]
    },
    "AMZN": {
        "ticker": "AMZN",
        "delaTime": 0.186596,
        "minuteNow": 54,
        "hourNow": 22,
        "dayNow": 10,
        "monthNow": 1,
        "yearNow": 2022,
        "openValues": [
            3202.090087890625,
            3209.679931640625,
            3203.547607421875,
            3210.840087890625,
            3224.0,
            3227.945068359375
        ],
        "closeValues": [
            3204.9833984375,
            3202.050048828125,
            3211.39990234375,
            3224.360107421875,
            3227.5,
            3227.945068359375
        ],
        "highValues": [
            3210.594970703125,
            3216.909912109375,
            3217.030029296875,
            3228.89990234375,
            3232.68994140625,
            3227.945068359375
        ],
        "lowValues": [
            3201.885009765625,
            3201.010009765625,
            3201.5,
            3207.570068359375,
            3224.0,
            3227.945068359375
        ],
        "openChange": [
            7.58984375,
            -6.13232421875,
            7.29248046875,
            13.159912109375,
            3.945068359375
        ],
        "closeChange": [
            -2.933349609375,
            9.349853515625,
            12.960205078125,
            3.139892578125,
            0.445068359375
        ],
        "highChange": [
            6.31494140625,
            0.1201171875,
            11.869873046875,
            3.7900390625,
            -4.744873046875
        ],
        "lowChange": [
            -0.875,
            0.489990234375,
            6.070068359375,
            16.429931640625,
            3.945068359375
        ]
    },
    "GOOGL": {
        "ticker": "GOOGL",
        "delaTime": 0.182746,
        "minuteNow": 54,
        "hourNow": 22,
        "dayNow": 10,
        "monthNow": 1,
        "yearNow": 2022,
        "openValues": [
            2755.949951171875,
            2763.419921875,
            2756.919921875,
            2761.300048828125,
            2760.9599609375,
            2765.199951171875
        ],
        "closeValues": [
            2764.010009765625,
            2757.889892578125,
            2763.47509765625,
            2759.1298828125,
            2764.68994140625,
            2765.199951171875
        ],
        "highValues": [
            2764.639892578125,
            2764.72509765625,
            2764.27490234375,
            2765.735107421875,
            2765.18994140625,
            2765.199951171875
        ],
        "lowValues": [
            2755.010009765625,
            2753.56005859375,
            2752.75,
            2756.0400390625,
            2758.679931640625,
            2765.199951171875
        ],
        "openChange": [
            7.469970703125,
            -6.5,
            4.380126953125,
            -0.340087890625,
            4.239990234375
        ],
        "closeChange": [
            -6.1201171875,
            5.585205078125,
            -4.34521484375,
            5.56005859375,
            0.510009765625
        ],
        "highChange": [
            0.085205078125,
            -0.4501953125,
            1.460205078125,
            -0.545166015625,
            0.010009765625
        ],
        "lowChange": [
            -1.449951171875,
            -0.81005859375,
            3.2900390625,
            2.639892578125,
            6.52001953125
        ]
    },
    "deltaTimeTotal": 0.833305
}